INSERT INTO Category (id, name) VALUES (1, 'Povijest župe');
INSERT INTO Category (id, name) VALUES (2, 'Sv. Petar');
INSERT INTO Category (id, name) VALUES (3, 'Raspored bogoslužja');
INSERT INTO Category (id, name) VALUES (4, 'Župna kateheza za odrasle');
INSERT INTO Category (id, name) VALUES (5, 'Dječji zbor');
INSERT INTO Category (id, name) VALUES (6, 'Župni pjevački zbor');
INSERT INTO Category (id, name) VALUES (7, 'Župno pastoralno i ekonomsko vijeće');
INSERT INTO Category (id, name) VALUES (8, 'Pobožnosti');
INSERT INTO Category (id, name) VALUES (9, 'Krštenje');
INSERT INTO Category (id, name) VALUES (10, 'Sveta Pričest');
INSERT INTO Category (id, name) VALUES (11, 'Sveta Potvrda');
INSERT INTO Category (id, name) VALUES (12, 'Euharistija');
INSERT INTO Category (id, name) VALUES (13, 'Ispovijed');
INSERT INTO Category (id, name) VALUES (14, 'Bolesničko pomazanje');
INSERT INTO Category (id, name) VALUES (15, 'Ženidba');
INSERT INTO Category (id, name) VALUES (16, 'Sveti red');
INSERT INTO Category (id, name) VALUES (17, 'Blagoslov obitelji');
INSERT INTO Category (id, name) VALUES (18, 'Sprovod');
INSERT INTO Category (id, name) VALUES (19, 'Hodočašća');
INSERT INTO Category (id, name) VALUES (20, 'Župni Caritas');
INSERT INTO Category (id, name) VALUES (21, 'Ministranti');
INSERT INTO Category (id, name) VALUES (22, 'Mladi');
INSERT INTO Category (id, name) VALUES (23, 'Kršćansko kazalište župe sv. Petra');


INSERT INTO korisnik (id, korisnickoime, tipKorisnika, email, lozinka, adresa) VALUES (1, 'iva', 'USER', 'admin@example.com', '$2a$12$Y3XC4LI0nkr6kLnt/YI75O8Tzd/IHR2HGol/Dt.VQ/T0jjzvopGia', 'Ulica 1');

INSERT INTO korisnik (id, korisnickoime, tipKorisnika, email, lozinka, adresa) VALUES (2, 'zeljko', 'USER', 'user1@example.com', '$2a$12$Y3XC4LI0nkr6kLnt/YI75O8Tzd/IHR2HGol/Dt.VQ/T0jjzvopGia', 'Ulica 2');

INSERT INTO Pages ( title, text, category_id, image_id) VALUES ('POVIJEST ŽUPE', 'Privremeni tekst', 1, NULL );

INSERT INTO Pages ( title, text, category_id, image_id) VALUES ('SV. PETAR', '<p>Sveti Petar Apostol bio je galilejski ribar, brat Andrijin. Zajedno sa Jakovom i Ivanom bio je s Kristom u prisnijem odnosu od ostalih učenika. Sveti Petar je imao položaj predstavnika – često govori u ime Apostola.</p><br><p>Sveti Matej u svom Evanđelju bilježi kako su Petar i Andrija pozvani u apostolsku službu:<br>“Kad je Isus prolazio pokraj Galilejskog mora, opazi dvojicu braće, Šimuna, zvanog Petar, i brata mu Andriju, kako bacaju mrežu u more – bili su, naime, ribari – pa im reče: – Pođite za mnom, i učinit ću vas ribarima ljudi! Oni istoga časa ostave mreže i pođu za njim” (Mt 4,18-20).</p><br/><p>Od trenutka svoga poziva Petar se često spominje u Evanđeljima. U Cezareji je Petar odgovorio na Kristovo pitanje: “A vi, što vi kažete, tko sam Ja?” – izričući svoju veliku ispovijest: “Ti si Krist – Pomazanik, Sin Boga živoga!” Isus mu nato odgovori: “Ti si Petar – Stijena i na toj stijeni sagradit ću Crkvu svoju, i vrata paklena neće je nadvladati. Tebi ću dati ključeve kraljevstva nebeskoga…” (Mt 16,15-19).</p><br/><p>U izvještajima Evanđelja o Kristovoj muci svima je poznato Petrovo obećanje vjernosti, njegovo nijekanje Krista i njegovo iskreno kajanje. Petrov život poslije Isusova uzašašća opisuje se u Djelima Apostolskim. Pronio je Spasiteljevu riječ širom Male Azije, usredotočujući svoju djelatnost oko Antiohije. Kasnije je pošao u Rim, gdje je utemeljio prvu kršćansku zajednicu. Svoje djelovanje u Rimu nastavio je oko dvadeset i pet godina.</p><br/><p>No bio je optužen da je bacio uroke na jednu od carevih ljubavnica. Na traženje svojih kršćanskih pristaša Petar odluči pobjeći iz grada, no na putu mu se ukaza Isus. Petar ga upita: “Kamo ćeš, Gospodine?” Isus mu odvrati: “U Rim, da me opet razapnu!” Petar je to shvatio kao znak Božje volje, vratio se u Rim i bio uhićen i bačen u tamnicu. Naposljetku je bio išiban bičevima i raspet naglavce na križ. To je učinjeno na njegovo traženje, jer nije sebe smatrao dostojnim da umre jednako kao Krist.</p><br/><p>Na većini slika i kipova Sveti Petar je prikazan kako drži dva ključa. Djela apostolska svjedoče kako je iz Svetog Petra Apostola zračila tolika čudotvorna moć da su bolesnici ozdravljali čak i prolaskom Petrove sjene. Sveti Petar se zaziva za oslobođenje od vrućice, ugriza zmija, opsjednutosti i bolova u nogama.</p>', 2, NULL );

INSERT INTO Pages ( title, text, category_id, image_id) VALUES ('RASPORED SVETIH MISA', '<ul><li><b> Tijekom godine: od 1. rujna do 25. listopada.</b><br>Radnim danom u 19.00 sati.<br>Nedjeljom u 9.00, 11.00.</li><li><b>Tijekom godine: od 26. listopada do 27. ožujka.</b><br>Radnim danom u 18.00 sati (u došašću mise zornice u 6.00 sati).<br>Nedjeljom u 9.00, 11.00.</li><li><b> Tijekom godine: od 1. travnja do 30. lipnja.</b><br>Radnim danom u 19.00 sati.<br>Nedjeljom u 9.00, 11.00.</li><li><b> Tijekom ljeta: od 1. srpnja do 31. kolovoza.</b><br>Radnim danom u 8.00 sati.<br>Nedjeljom i blagdanom u 9.00.</li></ul>', 3, NULL );

INSERT INTO Pages ( title, text, category_id, image_id) VALUES ('ŽUPNA KATEHEZA ZA ODRASLE', 'Privremeni tekst', 4, NULL );

INSERT INTO Pages ( title, text, category_id, image_id) VALUES ('DJEČJI ZBOR', 'Privremeni tekst', 5, NULL );

INSERT INTO Pages ( title, text, category_id, image_id) VALUES ('ŽUPNI PJEVAČKI ZBOR', 'Privremeni tekst', 6, NULL );

INSERT INTO Pages ( title, text, category_id, image_id) VALUES ('ŽUPNO PASTORALNO I EKONOMSKO VIJEĆE', 'Privremeni tekst', 7, NULL );

INSERT INTO Pages ( title, text, category_id, image_id) VALUES ('POBOŽNOSTI U ŽUPI', '<ul><li><b>Listopadske pobožnosti</b> – svaku večer pola sata prije svete mise molimo krunicu i litanije</li><li><b>Svibanjske pobožnosti</b> – svaku večer pola sata prije svete mise molimo krunicu i litanije</li><li><b>Pobožnost križnog puta</b> – u korizmeno vrijeme svake srijede i petka prije večernje mise</li><li><b>Molitva svete krunice</b> – kroz cijelu godinu pola sata prije svete mise</li><li><b>Molitva Časoslova</b> – ovisi o liturgijskom vremenu ali uglavnom se moli u sklopu svete mise</li><li><b>Euharistijska pobožnost</b> – četvrtkom nakon mise klanjanje pred Presvetim</li><li><b>Pobožnost sv. Petru</b> – srijedom pola sata prije svete mise</li><li><b>Pobožnost Presvetom Srcu Isusovu</b> – petkom prije svete mise</li></ul>', 8, NULL );

INSERT INTO Pages (title, text, category_id, image_id) VALUES ('KRŠTENJE', '<b>Sakrament krštenja</b> se dogovara barem 2 tjedna prije u uredovno vrijeme župnog ureda ili u susretu sa svećenikom nakon mise. </br></br><b>Za sakrament krštenja potrebno je pripremiti:</b> <ul style="margin-left:20px;"><li><b>Izvod iz matične knjige rođenih</b> za dijete (kopija)</li><li><b>Posvjedočenje za kumovanje</b> – ako kum/kuma nisu sa područja župe Sv. Petra, posvjedočenje za kumovanje mora uzeti u svojoj župi prebivališta</li><li><b>Dopuštenje za krštenje izvan župe</b> – ako obitelj stanuje u drugoj župi, potrebno je donijeti pismeno dopuštenje svoga župnika</li><li><b>Krsna svijeća i krsna haljinica</b> – potrebno je pripremiti</li></ul><br/><b>Ispovijed i pričest</b> – roditelji i kum/a pozvani su prije sakramenta krštenja ispovjediti se i pričestiti. </br><b>Pripremna kateheza</b> – redovito prije sakramenta krštenja roditelji sudjeluju u pripremnoj katehezi za sakrament krštenja. </br><b>Datum sakramenta</b> – slavi se po dogovoru; župnik preporučuje prvu nedjelju u mjesecu na misi u 11.00 sati, ali mogu doći i drugi dani. </br><b>Krštenje odraslih</b> – pretpostavlja pripravu koja se zove Katekumenat i događa se po dogovoru sa župnikom; sakramenti kršćanske inicijacije (krštenje, potvrda i pričest) se podjeljuju na Veliku subotu.', 9, NULL);

INSERT INTO Pages ( title, text, category_id, image_id) VALUES ('SVETA PRIČEST', '<b>Priprema za Svetu Pričest</b> traje cijelu školsku godinu. </br><b>Upis kandidata</b> – vrši se početkom rujna i upisuju se učenici trećeg razreda osnovne škole. </br><b>Župna kateheza</b> – održava se u vjeronaučnoj dvorani srijedom u 16.00 sati (ili po dogovoru na početku katehetske godine). </br></br><b>Priprema uključuje:</b> <ul style="margin-left:20px;"><li>Katehezu</li><li>Nedjeljnu misu u 11.00 sati – na koju bi djecu trebali pratiti roditelji</li><li>Aktivno uključivanje roditelja u vjerski odgoj djece prema sakramentu</li></ul> </br><b>Potvrdnica</b> – tijekom školske godine, a najkasnije do mjeseca travnja potrebno je vjeroučitelju dostaviti potvrdnicu. Potvrdnica je dokument u kojem je naznačeno da je dijete primilo sakrament krštenja, što je uvjet za primanje Pričesti. Izdaje ga župa u kojoj je krštenje obavljeno.', 10, NULL );

INSERT INTO Pages (title, text, category_id, image_id) VALUES ('KRIZMA', '<b>Sakrament Krizme</b> u našoj Šibenskoj biskupiji dijeli se na kraju osmog razreda. Naziva se <b>krizma</b> zbog svog bitnog obreda – pomazanja, a naziva se još i <b>potvrda</b> jer potvrđuje i osnažuje krsnu milost. </br></br><b>Upis kandidata</b> – vrši se početkom rujna i upisuju se učenici osmih razreda. </br><b>Župna kateheza</b> – održava se u vjeronaučnoj dvorani srijedom u 17.00 sati. </br></br><b>Priprema uključuje:</b> <ul style="margin-left:20px;"><li>Katehezu</li><li>Nedjeljnu misu u 11.00 sati</li><li>Aktivno uključivanje roditelja u vjerski odgoj djece prema sakramentu</li></ul> </br><b>Potvrdnica</b> – tijekom školske godine, a najkasnije do mjeseca travnja potrebno je dostaviti potvrdnicu. Potvrdnica je dokument u kojem je naznačeno da je dijete primilo sakrament krštenja i Prvu Pričest. Izdaje ga župa u kojoj se sakrament dogodio. </br><b>Posvjedočenje kuma</b> – dokument koji treba donijeti kum iz svoje župe kao potvrdu da može biti kum na krizmi ili na krštenju.', 11, NULL);

INSERT INTO Pages (title, text, category_id, image_id) VALUES ('EUHARISTIJA', '<b>Sveta misa</b> je izvor i vrhunac kršćanskoga života. Svaki vjernik je obavezan sudjelovati na nedjeljnoj svetoj misi. ', 12, NULL);

INSERT INTO Pages (title, text, category_id, image_id) VALUES ('ISPOVIJED', '<b>Sakramentu ispovijedi </b> u našoj župi se može pristupiti radnim danom prije mise ili po dogovoru. Moguće je dogovoriti osobni razgovor i susret i pojedinačnu ispovijed u bilo koje drugo vrijeme. ', 13, NULL);

INSERT INTO Pages (title, text, category_id, image_id) VALUES ('BOLESNIČKO POMAZANJE', '<p>Redovito prvim petkom u mjesecu župnik pohodi bolesnike koji su već prijavljeni za redoviti pohod bolesnicima. Moguće je dogovori bolesničko pomazanje i nakon svete mise ili u nekoj drugoj prilici kao i pohod bolesnicima u bolnici ili u Staračkom domu „Cvjetni dom“. Vaše bolesne i nemoćne ukućane možete prijaviti u župni ured ili obavijestiti svećenika nakon mise.</p>', 14, NULL);

INSERT INTO Pages (title, text, category_id, image_id) VALUES ('SVETI RED /DUHOVNI POZIV/REDOVNIK - REDOVNICA', '<p>Duhovni poziv je briga svake župne zajednice. U našoj župi posebno molimo za duhovna zvanja na svaki prvi četvrtak u mjesecu na zajedničkome uharistijskom klanjanju. Sve osobe koje promišljaju o duhovnom pozivu pozvane su razgovarati sa župnikom ili sa časnom sestrom aktivnom u našoj župi. </p>', 16, NULL);

INSERT INTO Pages (title, text, category_id, image_id) VALUES ('ŽENIDBA', '<b>Sakrament vjenčanja</b> u crkvi Sv. Petra – zaručnici koji se žele vjenčati trebaju se javiti u župni ured do godinu dana unaprijed prije vjenčanja. <br/><b>Datum vjenčanja</b> dogovaramo prema mogućnostima redovitog rasporeda misa. Preporuka je da se sakrament ženidbe slavi pod svetom misom, iako Obred vjenčanja može biti i bez svete mise. <br/><br/><b>Dokumenti</b> – nakon dogovora datuma vjenčanja zaručnici trebaju donijeti: <ul style="margin-left:20px;"><li>Krsni list za zaručnika i zaručnicu (ako su kršteni izvan župe)</li><li>Dokumenti iz Matičnog ureda (Potvrda o pretpostavci za vjenčanje u vjerskom obliku)</li><li>Potvrda o pohađanju zaručničkog tečaja</li><li>Ostale dokumente po potrebi</li></ul><br/><b>Dogovor s župnikom</b> – nakon donošenja dokumenata, zaručnici zajedno sa župnikom dogovaraju ostale detalje vjenčanja: kićenje crkve, cvijeće, sviranje, pjevanje. U crkvi Sv. Petra nije dozvoljeno svirati i pjevati pojedincima/osobama/zboru koji redovito ne sudjeluje u crkvenom pjevanju.', 15, NULL);

INSERT INTO Pages (title, text, category_id, image_id) VALUES ('SPROVOD', '<b>Sprovod</b> – sprovod pokojnika se dogovara u pogrebnom poduzeću „Čempresi d.o.o.“. Nakon dogovora o datumu i vremenu sprovoda potrebno je dogovoriti i u župnom uredu. Važno je napomenuti da pokojnik za kojeg se traži katolički sprovod treba biti krštena osoba koja nije tijekom života otpala od Katoličke Crkve. Sprovod se može učiniti isključivo za župljane župe sv. Petra. Doći u župni ured sa podacima o pokojniku te nakon ispunjenih podataka dogovoriti vrijeme svete mise zadušnice. <br/><b>Taksa</b> – za sprovod prema biskupijskom taksovniku je 50 €, za svetu misu 10 €. <br/><br/><b>Kršćanski sprovod</b> – proslava Kristova vazmenog otajstva: <ul style="margin-left:20px;"><li>»Sahranjujući svoje sinove i kćeri, Crkva puna vjere slavi Kristovo vazmeno otajstvo sa željom da oni koji su krštenjem postali sutjelesnici Krista umrloga i uskrsloga, s njime po smrti prijeđu u život, i to tako da u duši budu očišćeni te sa svetima i izabranima budu na nebo uzeti, a u tijelu da čekaju blaženu nadu – dolazak Kristov i uskrsnuće od mrtvih. Stoga Crkva za preminule prikazuje euharistijsku žrtvu Kristova vazma te uzdiže molitve za njihov pokoj da bi, uslijed uzajamnog zajedništva svih Kristovih udova, ono što jednima pribavlja duhovnu korist, drugima donosilo utjehu nade» (RSp 1).</li><li>»Crkva koja je, kao mati, sakramentalno nosila u svome krilu kršćane za njihova zemaljskog hodočašća, prati ih i na kraju puta, da ih preda ‘u Očeve ruke’. U Kristu, ona prikazuje Ocu djecu njegove milosti, a u nadi izručuje zemlji sjeme njihova tijela, koje će uskrsnuti u slavi. To se prikazanje u punini slavi euharistijskom žrtvom; blagoslovi koji prethode i koji slijede jesu blagoslovine» (KKC 1683).</li></ul>Prema tome, osnovni smisao kršćanskog sprovoda jest ispovijedanje vjere kršćanske zajednice u uskrsnuće tijela.', 18, NULL);

INSERT INTO Pages (title, text, category_id, image_id) VALUES ('BLAGOSLOV OBITELJI', '<b>Blagoslov obitelji</b> u župi svetog Petra može se događati tijekom cijele godine, a osobito u Božićno vrijeme, počevši od 27. prosinca. <ul style="margin-left:20px;"><li>Bilo bi lijepo da svi članovi obitelji, ukoliko nisu u pitanju nezaobilazne obveze i posao, budu prisutni na blagoslovu.</li><li>Kad svećenik ulazi u kuću, možete zapaliti jednu svijeću, staviti nastol križ i, ako imate, blagoslovljenu vodu i Bibliju.</li><li>Blagoslov obitelji je prilika za upoznavanje župnika sa župljanima i nadasve sa potrebama pojedinih osoba i obitelji.</li><li>Lijepo molimo župljane koji nas primaju u svoj dom da svoga kućnog ljubimca (psa), ako ga držite u dvorištu, privežete, a ako ga držite u svojim domovima i stanovima, zatvorite u prostoriju u koju ne ulazimo.</li></ul>', 17, NULL);

INSERT INTO Pages ( title, text, category_id, image_id) VALUES ('HODOŠAŠĆA', 'Privremeni tekst', 19, NULL );

INSERT INTO Pages ( title, text, category_id, image_id) VALUES ('ŽUPNI CARITAS', 'Privremeni tekst', 20, NULL );

INSERT INTO Pages ( title, text, category_id, image_id) VALUES ('MINISTRANTI', 'Privremeni tekst', 21, NULL );

INSERT INTO Pages ( title, text, category_id, image_id) VALUES ('MLADI', 'Privremeni tekst', 22, NULL );

INSERT INTO Pages ( title, text, category_id, image_id) VALUES ('KRŠĆANSKO KAZALIŠTE ŽUPE SV. PETRA', 'Privremeni tekst', 23, NULL );